Archivo,Predicción
021a52a7-0fdf-4b70-aae9-30fea38d8b2d_20230401T15_41_UTC.txt,Neutral
026ae835-07af-4cd1-a746-26de91ccfb84_20230401T14_48_UTC.txt,Neutral
0c1dacc2-0d21-474f-9f30-0b2bc3069d1a_20230401T16_11_UTC.txt,Neutral
139f333f-8a01-4e37-a64b-91a6170c4523_20230401T14_25_UTC.txt,Neutral
15407ae0-a923-46ee-adb2-f5410cefe223_20230401T15_29_UTC.txt,Negativo
16d944ae-54bb-461a-81bd-e1bedc5aa4c9_20230401T16_24_UTC.txt,Neutral
1e798210-746b-4b36-9a8f-e460af2cf9f9_20230401T16_35_UTC.txt,Neutral
208ac2af-40b7-4858-a9d2-0f853707e985_20230401T15_27_UTC.txt,Neutral
25c6705e-b182-45c5-bdc8-f3c815d5fe05_20230401T14_01_UTC.txt,Neutral
2cf97530-4798-41a5-b3df-8c975c328d49_20230401T14_10_UTC.txt,Neutral
2fef37bb-f438-4819-bb85-0d2f8cb52934_20230401T16_38_UTC.txt,Neutral
345d8040-eb37-45e6-a050-f5400158c74c_20230401T14_38_UTC.txt,Neutral
38028477-df8a-428d-84bf-9b9db5bf7114_20230401T16_42_UTC.txt,Neutral
3a6e48f1-725e-4676-85f6-153a5e7ff8d8_20230401T16_29_UTC.txt,Neutral
3d4d837b-8d47-42f3-9c16-09f641fe5b7c_20230401T15_56_UTC.txt,Neutral
4614a9e8-1fc4-48c9-92dd-0963e237e3da_20230401T15_45_UTC.txt,Neutral
537c6e4a-05b4-44cd-8664-798bc78bcfe6_20230401T14_55_UTC.txt,Neutral
54357403-9ec1-4340-8f7e-1f686441e918_20230401T13_56_UTC.txt,Neutral
5868843b-8fcb-4d67-bdd9-f510acba77e0_20230401T16_22_UTC.txt,Neutral
59c281a8-bc44-4807-9cd5-badae33507ee_20230401T14_27_UTC.txt,Neutral
5b686c92-3b3b-4511-9dd0-ce4dd4e97313_20230401T16_06_UTC.txt,Neutral
6341e565-756d-4d36-a3c0-b1b8002f3c34_20230401T15_16_UTC.txt,Neutral
635e4862-decc-4299-a0fa-4a16cc6c031e_20230401T14_46_UTC.txt,Neutral
6fddad58-12fe-447a-afcf-0ea1b69384fa_20230401T13_40_UTC.txt,Neutral
7071d053-4612-4ad6-a546-d8b06d519f19_20230401T14_29_UTC.txt,Neutral
78b2705d-5c2c-4f63-a30f-466b61e80dc3_20230401T14_50_UTC.txt,Neutral
7955c3c1-0559-4cc5-af77-d8372f84c30d_20230401T15_35_UTC.txt,Neutral
7ca5403c-0582-4b4f-ba05-4abed3603f4f_20230401T15_39_UTC.txt,Neutral
85783ad3-d6a6-4f32-9e97-fad6929351e6_20230401T14_41_UTC.txt,Neutral
8de21dcb-f085-4c02-ab84-0f3a31bcb975_20230401T15_20_UTC.txt,Neutral
97d7be85-0c18-450d-bead-cc8ab66b6589_20230401T15_02_UTC.txt,Neutral
9a4b8c11-1fca-486c-83d9-df02daf7092f_20230401T16_47_UTC.txt,Neutral
9fbc4011-3322-4602-9ec1-9b6af0060898_20230401T14_32_UTC.txt,Negativo
bbbe1178-e3c3-4589-81f6-856f9853a8be_20230401T15_02_UTC.txt,Negativo
c03add8d-e73d-4714-a4c6-ed1e19f569c5_20230401T14_17_UTC.txt,Neutral
c69e3cc5-d9de-448a-a966-e7820dfc0648_20230401T14_54_UTC.txt,Neutral
cc9d1ce4-fdb4-4330-b89b-4536f4f116a8_20230401T13_55_UTC.txt,Neutral
de4d233e-6161-4b1a-abcc-e65ca771d84d_20230401T13_38_UTC.txt,Neutral
e2b0299e-e174-44ff-b09a-70a045d46b01_20230401T16_38_UTC.txt,Neutral
edad47b0-b587-4725-9078-eea28e991b35_20230401T13_24_UTC.txt,Neutral
efe98a6a-5455-4e15-aeee-48eaab0cce45_20230401T15_07_UTC.txt,Negativo
f7f10ec8-adba-4ac0-86fe-19ac6dd3d24e_20230401T15_38_UTC.txt,Neutral
01c81113-4cf4-4892-a080-ebe8f26c767a_20230410T21_24_UTC.txt,Neutral
025d7914-af83-481c-928e-9d9135c9da81_20230410T20_06_UTC.txt,Neutral
0475a9f6-8cfd-46cc-9811-a2c0bd254cba_20230410T20_19_UTC.txt,Neutral
04cce189-8ff0-4de9-86ff-978ceed8b3c9_20230410T21_47_UTC.txt,Neutral
0d68e227-32fd-4e23-b613-139fb0931786_20230410T15_31_UTC.txt,Neutral
1fa73898-4ad1-417a-9447-4e54f2838011_20230410T15_53_UTC.txt,Neutral
26cec85e-84dc-48ed-a11d-b96e84033cae_20230410T13_55_UTC.txt,Neutral
35294179-632a-40ae-899b-8bf4d103e54e_20230410T14_04_UTC.txt,Neutral
3db3a6db-bac4-403a-8919-7db8d5370109_20230410T19_51_UTC.txt,Neutral
3fe9459f-7ea4-41a8-b7fe-099281c6933e_20230410T19_57_UTC.txt,Neutral
417afa74-f872-481d-a126-866e7f7c5e68_20230410T14_57_UTC.txt,Neutral
43ae5242-9b5d-4abb-bf63-d04a3bf44b85_20230410T21_25_UTC.txt,Neutral
4b0b8ebd-9749-44db-8d99-4bb66e3ac109_20230410T14_13_UTC.txt,Neutral
4b70ebbc-d673-4341-b988-bc340afdf463_20230410T21_08_UTC.txt,Neutral
4e014158-da2d-4143-9310-ef4dc1d90cd2_20230410T15_56_UTC.txt,Neutral
4fb1c693-e7ac-4af5-8e5e-be54d3f959ef_20230410T18_05_UTC.txt,Neutral
507d162a-9e91-468a-a0bb-5d464bcf8306_20230410T20_52_UTC.txt,Neutral
552decaf-5f19-4408-b28c-ca8fa30a8b4a_20230410T23_00_UTC.txt,Neutral
5a0baf31-3073-48af-8873-0a7c14ee748e_20230410T15_21_UTC.txt,Neutral
5bec9db8-77e2-46ef-b641-413bde26a88e_20230410T16_29_UTC.txt,Neutral
653112db-b1be-4926-9c3a-a45c5575522d_20230410T19_26_UTC.txt,Neutral
6984ce3d-53b0-45a0-8a86-b6da750f9679_20230410T15_46_UTC.txt,Neutral
7446bb26-0ffd-47da-ad9c-67c6e55e1e18_20230410T22_06_UTC.txt,Neutral
74c933f5-ec4f-425e-b7b5-16a9159c9aa1_20230410T16_45_UTC.txt,Neutral
83565bfe-3d89-4d56-aeab-17c3e5d4d287_20230410T19_05_UTC.txt,Neutral
8546519f-c98f-4d6d-9d4c-7bb2ef2ca057_20230410T19_35_UTC.txt,Neutral
8565e892-9ffb-437e-9096-e06a12af4d2a_20230410T15_22_UTC.txt,Neutral
866cc7d6-6f0e-4ec2-bcb5-8e00408d0526_20230410T20_37_UTC.txt,Neutral
87cee38a-8a48-4c62-890a-2b8a04881c3c_20230410T21_11_UTC.txt,Neutral
9015f350-f893-439c-9672-fe39bf92dd3c_20230410T15_06_UTC.txt,Neutral
90a28742-5d43-4699-9b35-2c86841da0f3_20230410T20_35_UTC.txt,Neutral
9d05069f-957e-4cac-b044-6d17d23b5302_20230410T22_43_UTC.txt,Neutral
a3aafac6-9173-467b-bad4-b3aa605d1d09_20230410T17_17_UTC.txt,Neutral
a4e0358a-e54f-48d8-92ab-9996190c590b_20230410T16_30_UTC.txt,Neutral
a9b8fe53-e277-4010-b4bf-201460b5bef6_20230410T15_14_UTC.txt,Neutral
aa29be68-0ad0-47ea-9af0-5d2e3292d6e2_20230410T14_18_UTC.txt,Neutral
b06a666a-a870-4c85-b9ad-85d28d469327_20230410T15_46_UTC.txt,Neutral
b0ff1db2-2b23-407f-95ec-b7bcfeb93e4d_20230410T21_03_UTC.txt,Neutral
bedc2a7f-c9e3-4112-93e8-acb3f966a2a7_20230410T20_11_UTC.txt,Neutral
bfef4005-062b-4e6c-8b94-8c79b028cc5b_20230410T19_53_UTC.txt,Neutral
c460ce04-06de-4452-9c8e-181b72b60aea_20230410T14_28_UTC.txt,Neutral
c77901b0-dc0e-44b3-9fba-cf6dfc4e8a64_20230410T14_19_UTC.txt,Neutral
c7ac6af1-8f0b-4463-b059-7d6d36774b2c_20230410T19_37_UTC.txt,Neutral
d7fa92da-8e27-4569-94d5-881474e770e1_20230410T23_48_UTC.txt,Neutral
dbe5300f-d957-4b76-9977-d0c9fbb24837_20230410T22_21_UTC.txt,Neutral
df3afc85-861d-4dea-9f6f-60c50ca2f336_20230410T13_52_UTC.txt,Neutral
e24a2db7-255e-4480-a02f-3ae1a5dcab3c_20230410T20_36_UTC.txt,Neutral
ec698549-12ce-4d93-9559-f26cbef6a4cd_20230410T16_36_UTC.txt,Neutral
ef27f14f-919e-46e3-aa21-efd9a2a37933_20230410T14_06_UTC.txt,Neutral
ef88ac27-ad7a-4816-9f49-c0165e6c9dc6_20230410T15_31_UTC.txt,Neutral
f9af26cb-4904-486a-8068-835c1171b7cc_20230410T14_49_UTC.txt,Neutral
facd0eac-6562-4ea0-bade-57735201a291_20230410T20_34_UTC.txt,Neutral
01e7ca7cd7f34a9893f94978401b44a5_20230411t20_49_utc.txt,Neutral
0bfe45d7cdf64e658365967bb0ed5d4f_20230411t16_25_utc.txt,Neutral
10d53beec5984c158fbcab952c29f840_20230411t22_04_utc.txt,Neutral
141dd6fc6ad145648eeb603c4f0b4430_20230411t22_23_utc.txt,Neutral
1744acda8b4b4e948c9f891a34c5171c_20230411t13_59_utc.txt,Neutral
180fad9aa3b44fdd96202951dcad860e_20230411t15_57_utc.txt,Neutral
1841240ff1ab4df696c76987b97d4068_20230411t16_35_utc.txt,Neutral
1cc50562b323469e9713471c3d7b3482_20230411t15_57_utc.txt,Neutral
2a66fed04e2041a59bcc3ac6d68949ea_20230411t15_37_utc.txt,Neutral
2e89b588c9c04e96a1b5a67f7a2b9aa8_20230411t19_13_utc.txt,Neutral
33b9ce2f992b43dbb9e64ddb24fc5538_20230411t15_02_utc.txt,Negativo
34093c6f878446629522fd815d240e6a_20230411t22_08_utc.txt,Neutral
349349d7b0a64b3c81b973a1bbc000ae_20230411t23_07_utc.txt,Neutral
37acf02575134cbf8c8444808b4d76bb_20230411t16_35_utc.txt,Neutral
3aa55085a0e04782864dbcdbbbf2d76b_20230411t20_15_utc.txt,Neutral
4cf5489d9c064df4a6305fd2435879bc_20230411t19_32_utc.txt,Neutral
57f1755ab61c44fdafe3b473d3df08ed_20230411t19_16_utc.txt,Neutral
58c51addf9e44d26ad0bf0031c087a77_20230411t21_10_utc.txt,Neutral
5a12c09f62994346bd43e6e707085aab_20230411t19_17_utc.txt,Neutral
5bc3093bce5548c290343b5f4ea53ce8_20230411t14_01_utc.txt,Neutral
64b025800d9040f1ae480187f9d244ac_20230411t23_33_utc.txt,Neutral
6637e4aaa7fe446c9bbc3e96aab42123_20230411t16_13_utc.txt,Neutral
680af94929c34de584fb901fb52b419b_20230411t15_32_utc.txt,Neutral
683e1909688846388623df81d7720006_20230411t23_17_utc.txt,Neutral
6c68bb726f4040e5b42843678b1b6c14_20230411t16_30_utc.txt,Neutral
6c91167c994147e4b1406a25f8f568cc_20230411t21_11_utc.txt,Neutral
6ce2f828120e4c0caa2b04f92bd3bf7b_20230411t21_49_utc.txt,Neutral
707aa05542fc4df6ac781d565f9c3178_20230411t15_15_utc.txt,Neutral
713f4625a49c4f8e8bc31c34fe8eba21_20230411t16_54_utc.txt,Neutral
73413f991767446fae4d8a1c2e9a4753_20230411t14_29_utc.txt,Neutral
77dc4488e978488482aa79d5b5197056_20230411t13_49_utc.txt,Neutral
79b85f0e973f439594c99afa75c61c8a_20230411t13_57_utc.txt,Neutral
816ecbb47ba9459381b5a5957de2bc8c_20230411t16_42_utc.txt,Neutral
81fdd597ac2048adab5cfe2b0b2f10c7_20230411t16_46_utc.txt,Neutral
8a6fbb5459994708b1f400bfb4e8fe37_20230411t21_14_utc.txt,Neutral
8c649d0776434bd2a49a06abe02085aa_20230411t17_35_utc.txt,Neutral
911afd33fd7a4131a8c5af48cde00ea7_20230411t15_46_utc.txt,Neutral
94387e7723434f96821b3b4eaec26f8e_20230411t23_06_utc.txt,Neutral
954e1ba497d94c8789f77118f1c8a9f2_20230411t17_24_utc.txt,Neutral
9ba113e3c4ac4616acdc9d7935a3fe6d_20230411t15_45_utc.txt,Neutral
9e24c2bf682742048e27d07442904de4_20230411t17_38_utc.txt,Neutral
a1dd5230a14a4ceb8b8a4125c4983d6c_20230411t20_43_utc.txt,Neutral
a7c7f3ff0a2f417892dee58b75687c66_20230411t21_16_utc.txt,Neutral
ac1bd4f12ad640e9a644a1df7e25d803_20230411t17_35_utc.txt,Neutral
b06c1e985435423eb476f94e89b923a9_20230411t16_27_utc.txt,Neutral
b31710b0cebf47dba2db6cbe9b474328_20230411t15_12_utc.txt,Neutral
bb6c44d18ae84b23b86f5e7e6a6f7153_20230411t14_14_utc.txt,Neutral
bc593734c3e0422da39e8f1683500169_20230411t16_51_utc.txt,Neutral
bdfc7cce1b0a47dbb400941ed1f8567d_20230411t21_44_utc.txt,Neutral
c2ec48932b7a41e19bf7463c60ed5443_20230411t14_27_utc.txt,Neutral
c50bf2e9fc1a498fb5fb1d4c3fed0ef1_20230411t15_12_utc.txt,Neutral
c5fe1b9590574174ab7a99191aac144a_20230411t19_51_utc.txt,Neutral
cfcdff7d41cb48efb79488eecab62e6b_20230411t15_17_utc.txt,Neutral
d176a9c41cef4641b121c64651060ce4_20230411t20_41_utc.txt,Neutral
d2ce1aa4558a4dc4a1d872c451a3e4b6_20230411t16_07_utc.txt,Neutral
d3f9da970a5546159f10fba0283c6bc6_20230411t22_38_utc.txt,Neutral
d54d4dd022f243d5b129b4aeadf8d949_20230411t21_42_utc.txt,Neutral
d679a03ade4749f187c931ca157cd6db_20230411t17_48_utc.txt,Neutral
d7b144ef876346bdad6a635c184333d8_20230411t16_49_utc.txt,Neutral
da99b69ac23b480d83c1532c242496de_20230411t23_50_utc.txt,Neutral
dadc3b91813e4f688857c0dbebdcacd5_20230411t19_31_utc.txt,Neutral
e009a5e5f1884142a5e93b99490f9725_20230411t22_03_utc.txt,Neutral
e3ddf0339d7d497ab707e5b972eea599_20230411t21_19_utc.txt,Neutral
e8107a5e3a6a4d6b81667fdc910daa03_20230411t19_43_utc.txt,Neutral
e85dd4d486a34330bf87c02e6236d9a2_20230411t15_29_utc.txt,Neutral
f3da87052d924da0ae1cb240ff710501_20230411t21_36_utc.txt,Neutral
f5348871fa964cde849303e500d7cdaf_20230411t14_53_utc.txt,Neutral
f9dce1049b6e4c9eaaa16a86eb274768_20230411t21_09_utc.txt,Neutral
fa73e42b2e7f4c6ead584c72fd1a5906_20230411t19_35_utc.txt,Neutral
fcbccaa6306f4148b0ccfa56365e7fd1_20230411t13_59_utc.txt,Neutral
fef6c8185093440a9a48429bd529f717_20230411t15_10_utc.txt,Neutral
0823295ced474573955643ed879414cf_20230415t16_11_utc.txt,Neutral
116f802260ad4da9bedf98014338a17d_20230415t16_34_utc.txt,Neutral
1744a2add2ed4a74ad6fbee4deccbebe_20230415t15_06_utc.txt,Neutral
1c602ea28bef4b229990ef7ae3bdede8_20230415t14_53_utc.txt,Neutral
1cf46f04222d4baea1e98c0b0c22ac1f_20230415t16_06_utc.txt,Neutral
21a477a7b9584a679938f78f2c2a51b4_20230415t14_20_utc.txt,Neutral
29ae3f8833394f129f97677bfd5d7c40_20230415t15_06_utc.txt,Neutral
3012004a56264572b89f1e1c98e11b24_20230415t15_59_utc.txt,Neutral
3285427cdf83400b9ea73b1ae349b5bd_20230415t16_09_utc.txt,Neutral
343630a2898c49dd8554e9f982b32f51_20230415t13_51_utc.txt,Neutral
395e48604bba41749658ea56370ee664_20230415t15_31_utc.txt,Neutral
3cd94688360b47659f4c1cb9ca941d37_20230415t13_42_utc.txt,Neutral
40fd7c79a2c245dabae3756a22ce065d_20230415t15_22_utc.txt,Neutral
4143a33a227843758dbf07e067633a0b_20230415t16_05_utc.txt,Neutral
41663fe99f68481d85a11fc4f18287a1_20230415t14_36_utc.txt,Neutral
43d0021234774b82aee1cf256b486038_20230415t14_26_utc.txt,Neutral
483dd9e87fd94420b2f314b777fbbf34_20230415t16_00_utc.txt,Neutral
4876cd90198044df909d77e8a3adfc28_20230415t16_49_utc.txt,Neutral
488a8a211e89456aa5cb49db6c95c97e_20230415t15_51_utc.txt,Neutral
4e77be578d6143829f1a3625ce750cfb_20230415t15_42_utc.txt,Neutral
4faccbbf1aa641b9a8b040f81e2c3611_20230415t15_36_utc.txt,Negativo
54a5d96604a64a9192ce4a0fdbb9c7c8_20230415t13_45_utc.txt,Neutral
565d84e1e2f542aa83b9c4efb62a9d44_20230415t15_30_utc.txt,Neutral
5784d80e51e84d3f9fefb30c957f8e91_20230415t13_27_utc.txt,Neutral
59efa8c8167b424c8cacbb3f76df94cb_20230415t15_56_utc.txt,Neutral
5e09558c28744736b8a523cde3366875_20230415t16_33_utc.txt,Neutral
5f59a3bc791643d0827fa011e0703cdc_20230415t16_10_utc.txt,Neutral
644425d8eca24295bc15dc678aacde59_20230415t16_15_utc.txt,Neutral
6da6e049c8e74afc8a142919df0b7d8c_20230415t14_33_utc.txt,Neutral
6f7e9034fa45482aa3ac42da48afec9d_20230415t15_13_utc.txt,Neutral
7762a28dd9e842f8818b73eef5c82835_20230415t14_08_utc.txt,Neutral
78cab8b96d3f41f4a26c0033cbacc3d4_20230415t15_21_utc.txt,Neutral
794fb86ab60d4b4aad67afdd63b620f9_20230415t16_19_utc.txt,Neutral
7b39ef063ca84c018e350c7cc7b4e07a_20230415t13_53_utc.txt,Neutral
7e78728771d849bf9744551fcaf30d67_20230415t16_37_utc.txt,Neutral
83d09db2bedb4dac9c8317dd005a306f_20230415t15_20_utc.txt,Neutral
8454ed9016f945d2a69388b7eb73eaae_20230415t15_16_utc.txt,Neutral
8a9e90a7378e44c8b12ec65ac422ee79_20230415t13_57_utc.txt,Neutral
8cfbb958413a4751a45449e53ef14af9_20230415t13_59_utc.txt,Neutral
9785407406dc4fb0817655b4c82a2175_20230415t16_14_utc.txt,Neutral
97d98e1b95bb4789b89cc2a5ee0d3a0b_20230415t13_41_utc.txt,Neutral
9a1dcdaebafd4701b03d1edd8d0cfcf2_20230415t13_31_utc.txt,Neutral
a0f86d9095554c4cb75307e16a16e99f_20230415t13_58_utc.txt,Neutral
a1b3a2b4557e4e1885e4ef633d330cef_20230415t16_22_utc.txt,Neutral
a307b6fb84a74880a1ea00809410d22c_20230415t13_29_utc.txt,Neutral
a4108b716c634935931e67e290ebf5ed_20230415t15_27_utc.txt,Negativo
a71322ecda874346baedf605a9f8b5b2_20230415t15_57_utc.txt,Neutral
bd219ad4a971424981cf7eaabe47847f_20230415t15_55_utc.txt,Neutral
c36d9fac716545818cf85996d3de4c13_20230415t16_25_utc.txt,Neutral
c6d769d13c1745509a8b907d0436a157_20230415t16_38_utc.txt,Neutral
cb63cab9a1294bb0b43632c54755422d_20230415t14_59_utc.txt,Neutral
d2be3314363b40f09a2f683c8bc4ff84_20230415t13_55_utc.txt,Neutral
d301988fd7454837a22f8f523ece089e_20230415t16_02_utc.txt,Neutral
d8de1f287ee144e2873cab0b784b1fc6_20230415t15_11_utc.txt,Neutral
db08ee3352eb45baa69b920590773df7_20230415t13_46_utc.txt,Neutral
e3a5c2c5727b4bd598f06c8f7e88f528_20230415t15_19_utc.txt,Negativo
e40f06ea792244148399c9014e2dcf48_20230415t15_48_utc.txt,Neutral
e8b27442e140404d873d421dee5393c3_20230415t13_18_utc.txt,Neutral
eb790c327abb4ae4b3419de02f428c7b_20230415t14_52_utc.txt,Neutral
ee3b2f1f0c5d4354bb33c66fd149c3b2_20230415t15_24_utc.txt,Neutral
ee79615b5cd840a38dceb7c4a77b3192_20230415t16_30_utc.txt,Neutral
f869ac5bd4244ca0b9bf2dfb10ac77d3_20230415t16_20_utc.txt,Neutral
fad8f691ea4649729aa116f37373c4bf_20230415t13_33_utc.txt,Neutral
fb9b79aec05e4539b00ae25228b9f76f_20230415t13_52_utc.txt,Neutral
05d553d3-15e6-4018-bfa6-e3ea120e29c8_20230422T14_54_UTC.txt,Neutral
0728d6c4-4d61-44fb-9311-3005890db8c6_20230422T14_54_UTC.txt,Negativo
089454f4-614f-4e7a-8c75-f3ff84c577f2_20230422T13_27_UTC.txt,Neutral
0d8bbe9b-d20c-4f29-bf85-82e5cc07ce64_20230422T16_55_UTC.txt,Neutral
13ee3fa8-5e4d-4d7a-a856-0e0053f04a0d_20230422T16_31_UTC.txt,Neutral
154104a0-af4b-43c4-ac53-7dcfb0b1fd5a_20230422T15_55_UTC.txt,Neutral
164a732e-d1e9-4514-9261-3312ec7bae79_20230422T13_38_UTC.txt,Neutral
1dcbb12a-3984-4aba-a69f-478967aa0a56_20230422T16_20_UTC.txt,Neutral
23f5eeaf-2e7c-4bfa-a680-4dbec95bfe89_20230422T13_31_UTC.txt,Neutral
29406a02-deba-4efe-99df-7f05467d41bf_20230422T15_03_UTC.txt,Neutral
3493df4a-f52d-4477-8508-579ddf93be38_20230422T15_02_UTC.txt,Neutral
37143e2b-996c-4292-8641-e1bc094a2821_20230422T14_21_UTC.txt,Neutral
37705508-eb41-4fa8-9205-8caa2f631afc_20230422T14_46_UTC.txt,Neutral
39668e94-ebc7-43e9-bf34-252b07cf0c64_20230422T14_35_UTC.txt,Neutral
39c7e1af-a983-423d-9560-8be3325f39cd_20230422T15_49_UTC.txt,Neutral
3a3b2973-f7f0-41d0-937b-b5dfb7544b5e_20230422T16_43_UTC.txt,Neutral
404e7931-5fb3-4802-b4dc-719a3f5cb20f_20230422T16_22_UTC.txt,Neutral
40616391-4881-4ab6-b1c9-b3140e0c8410_20230422T13_34_UTC.txt,Neutral
433c0e26-0ddb-4067-8dec-8182793d3124_20230422T16_33_UTC.txt,Neutral
44de0213-a511-4255-8cb6-93411019f156_20230422T15_11_UTC.txt,Neutral
48042829-f387-4955-b61a-ddf3c5dd66fa_20230422T13_35_UTC.txt,Neutral
4821b13c-ee4a-4a30-acb4-93ece09b18ca_20230422T13_40_UTC.txt,Neutral
50ab3124-681d-4200-b15a-b449cd1d77b9_20230422T16_37_UTC.txt,Neutral
532981b7-adc4-49c4-9ecd-ee362b6e2c4a_20230422T16_10_UTC.txt,Negativo
590bfa9f-77f3-460e-b4b2-a18cebdb2820_20230422T14_47_UTC.txt,Neutral
5f962505-9986-4a5b-a3b2-db50d252214f_20230422T15_46_UTC.txt,Neutral
67fe5a14-63cc-4787-8cec-50e1ee7bf025_20230422T15_47_UTC.txt,Neutral
68d84c60-35fb-46cf-ac27-b6730f690e18_20230422T13_39_UTC.txt,Neutral
699779ac-ada3-46a4-a762-897b3e50fc32_20230422T13_45_UTC.txt,Neutral
6ba1c276-36e2-42aa-9b2b-f4e47614f435_20230422T14_28_UTC.txt,Neutral
6f5a73d9-c565-485c-b0a2-a59e77f82a20_20230422T16_15_UTC.txt,Neutral
71c3a935-7b26-437e-921e-0578d6591052_20230422T16_17_UTC.txt,Neutral
733244c0-66e8-4b26-81c5-005033abdf6b_20230422T16_24_UTC.txt,Neutral
75281220-b17f-42fe-8d46-16ba933670d1_20230422T15_54_UTC.txt,Neutral
7549f180-369b-4390-8705-822dea512a7f_20230422T14_31_UTC.txt,Neutral
79edf837-ebfa-4f86-a72c-851eff781f38_20230422T14_19_UTC.txt,Neutral
7e8087d6-6ea5-44b1-ad47-6f542beadd9e_20230422T14_22_UTC.txt,Neutral
7f58f35e-e971-4150-b256-57e191b33e11_20230422T13_25_UTC.txt,Neutral
82309327-c2e7-4eb3-ba78-6d53fad93d26_20230422T14_27_UTC.txt,Neutral
89b759d9-b6d0-4fe5-bf09-e35d1a18e38f_20230422T15_02_UTC.txt,Neutral
93075abf-1134-4da8-b90e-475d8039ff9c_20230422T15_06_UTC.txt,Neutral
9750b201-23fa-4c0c-997c-e692e36c6bd5_20230422T16_03_UTC.txt,Neutral
9a0f8517-b225-4f3d-939a-bde8c09100f6_20230422T15_41_UTC.txt,Neutral
9e4d53b7-64df-4ef3-bb5b-67473d765d7d_20230422T16_40_UTC.txt,Neutral
acc9f0ba-ebea-4f0b-b603-ff54c45928a4_20230422T15_51_UTC.txt,Negativo
bd541769-2d57-4967-823c-88fa36288e20_20230422T16_26_UTC.txt,Neutral
beaafdc4-bb5e-467d-ac18-3346e5812f04_20230422T14_56_UTC.txt,Neutral
c08123cc-5b6e-4eff-8c34-dae414f80cbb_20230422T16_16_UTC.txt,Neutral
c15c3250-1598-476a-a1a3-78f84e4db0e0_20230422T15_42_UTC.txt,Neutral
c19a6c90-36d2-4a7d-9b15-297271c9787b_20230422T16_28_UTC.txt,Neutral
c245f34a-a05a-4ae1-9b3b-8187bdfbc52b_20230422T14_34_UTC.txt,Neutral
c7f6749f-b15b-4e10-8745-66bb61b7e8ee_20230422T15_08_UTC.txt,Neutral
c9e75cee-d79e-4ca9-a7c4-20ed40a2486c_20230422T15_57_UTC.txt,Neutral
cbd20465-103d-4583-9679-422dccedf813_20230422T15_16_UTC.txt,Neutral
d0d8509a-4c84-43a8-beed-608d24063e1a_20230422T14_07_UTC.txt,Neutral
e0634185-f435-4c04-8991-26946e3a6543_20230422T15_04_UTC.txt,Negativo
e5ffd63b-f1f6-424e-8dbf-33d7868c88a3_20230422T15_17_UTC.txt,Neutral
ea0be619-7976-4652-a634-613e83bfdfd9_20230422T15_34_UTC.txt,Neutral
ec8aa41a-dfd3-4a1c-b2ea-edf54a679155_20230422T16_33_UTC.txt,Neutral
f0ce8351-89d2-4f94-9637-98b0c767da18_20230422T15_08_UTC.txt,Neutral
f5115b4d-cbe0-4337-a924-25b1341f62f4_20230422T14_31_UTC.txt,Neutral
f5738c9f-909d-4f56-a5b1-c22b5c2f28b3_20230422T15_28_UTC.txt,Neutral
f7e4b691-c321-4c6f-b91f-83888f96589f_20230422T14_39_UTC.txt,Neutral
f855e0cc-0eb5-4e7d-85c4-c75afc91d583_20230422T16_51_UTC.txt,Neutral
fd3a31f0-339b-4dd3-81de-508b1311f3fd_20230422T14_53_UTC.txt,Negativo
fea424c2-f879-432b-88fd-240cd0536300_20230422T15_56_UTC.txt,Neutral
0f7f97003c8b4ca6a4694c90ffbc7a08_20230429t14_08_utc.txt,Neutral
1807b779dcf041f89c8070561aebbf4a_20230429t13_39_utc.txt,Neutral
1ccb941cc4874df187d3a9be911b6087_20230429t14_29_utc.txt,Neutral
2a60bc828e704276aee65cc329bd7e0e_20230429t16_20_utc.txt,Neutral
2ad5de2a875d4affa907ebe3a2d8851d_20230429t13_55_utc.txt,Negativo
4678f55df9514a69aa841da1849fc74a_20230429t14_55_utc.txt,Neutral
471aff115d0a4b41824fb20e4e3ee321_20230429t16_02_utc.txt,Positivo
536cbdf0d4e847c583847bcedf902be6_20230429t13_45_utc.txt,Neutral
541547d2ee684fbb8b63a2eefacbbfe0_20230429t16_27_utc.txt,Neutral
5d9a33ca81b84da1a6b4c27e48478d9a_20230429t16_35_utc.txt,Neutral
5eb45b6bb1fb4d2cabbeb97177e0c6a5_20230429t13_48_utc.txt,Neutral
685804b776ff4debae850348cd2e662c_20230429t14_32_utc.txt,Neutral
6e252fefeb444526b3ecc3de6eaca9d8_20230429t16_59_utc.txt,Neutral
70430579661e41e2b38406960f3dd126_20230429t16_34_utc.txt,Neutral
719fdfe4c3074062a6c1d9d3f6717e64_20230429t14_51_utc.txt,Neutral
72204d99e6544ca0bfffb27f861cf709_20230429t13_28_utc.txt,Neutral
729128961c774991a8df43e764c5ea76_20230429t14_28_utc.txt,Neutral
813de3200552473db261651605877886_20230429t14_30_utc.txt,Neutral
850ce4070de14b7b81b8aae833bf83b5_20230429t14_23_utc.txt,Neutral
851fbf7af5c045559c9dafbd38fbc6d4_20230429t15_04_utc.txt,Negativo
856cd9fe4c7d4a7a880ceb480ca78834_20230429t15_41_utc.txt,Neutral
8b8eacfb94eb4229a8b9c4366158ae38_20230429t16_09_utc.txt,Neutral
8d4ce09504ec434095cd825becb7454d_20230429t15_12_utc.txt,Neutral
93e3d9a9444e45fdbf0243ede80387a9_20230429t15_14_utc.txt,Neutral
954028537f2447b1bc3fe1423e5dc91e_20230429t16_46_utc.txt,Neutral
970163d6af854c5bbcdc20683c0718b3_20230429t16_32_utc.txt,Neutral
9a69066faf1c480ab766270d6930f207_20230429t15_27_utc.txt,Neutral
9f4431c7a7784c878a5b1dd22387313d_20230429t16_45_utc.txt,Neutral
a05fa8fe7f26449182797521fc00f807_20230429t14_05_utc.txt,Neutral
aa220622e43446a7b5bcac9b1c0a52db_20230429t16_35_utc.txt,Neutral
af176031f0074816b87c1a2d36c64bb1_20230429t13_19_utc.txt,Neutral
b5177be4cb564c919b6fd7beb39e58de_20230429t15_01_utc.txt,Neutral
c24e02ed87a44265a8ee01dc29750c46_20230429t16_23_utc.txt,Neutral
e0e2f6bf38594a229738c1b769773f0c_20230429t16_03_utc.txt,Neutral
e3e047f6195c4b32a05f8de775ba50e5_20230429t15_32_utc.txt,Neutral
e85c661472f94fd0b1869d87266c0121_20230429t14_16_utc.txt,Neutral
e86106eae7b44bbab73dcc28fe74640a_20230429t14_51_utc.txt,Neutral
e8a52d4b45b44af5be7b1cc7a4fe9a67_20230429t14_49_utc.txt,Neutral
eda25ef82d7c42c1a29cb68045744c97_20230429t14_03_utc.txt,Neutral
f5428781188d4778a2c0e8dad5d32e3f_20230429t13_30_utc.txt,Neutral
f6e1997eb9314094a10a6529f51648f3_20230429t13_54_utc.txt,Neutral
f77ace087c5e46d190f6416c244b045f_20230429t15_14_utc.txt,Neutral
ff85bf5b2023476b8e9bcff72d7e0660_20230429t15_15_utc.txt,Neutral
07b7cdd28e904671949343335ea1a6a9_20230513t15_49_utc.txt,Neutral
0fc06e0fec724ceba662f2652746bd6b_20230513t15_14_utc.txt,Neutral
10a78230812040ff967ff9474b8681de_20230513t14_52_utc.txt,Neutral
1e89ae9d25dc42ec9bddf53417053f2e_20230513t14_28_utc.txt,Neutral
1e9de5fe556c45b18f7afa01bd8e5792_20230513t14_26_utc.txt,Neutral
21717b84966c41c0984d9e9347c5f9bb_20230513t13_56_utc.txt,Negativo
229581744ef8410da1eb2d87a18e4fe0_20230513t15_55_utc.txt,Neutral
2459608615d943c4b67117aa4344908d_20230513t13_48_utc.txt,Neutral
25f12ead3aa04a3bb79566087b8db321_20230513t15_31_utc.txt,Neutral
2b4d1446039b4964a1b6f0d45ccd6add_20230513t16_20_utc.txt,Neutral
2dbd5c4e0ae541b4aa2f5cc4976cc7ee_20230513t14_08_utc.txt,Neutral
30a6921c5a564778a7920a3cad953451_20230513t13_58_utc.txt,Neutral
31ee3f1746084fa28ea2b3c9dfeb0930_20230513t13_54_utc.txt,Neutral
342db425864c4c5f928db6f33831727e_20230513t14_15_utc.txt,Neutral
3588f50174e84eb480a7d3d055031399_20230513t16_00_utc.txt,Neutral
408f03ac6dc9496c96e06a8cf71a2698_20230513t16_23_utc.txt,Neutral
460de0efc0994ddbbd6882fcb84e149f_20230513t14_37_utc.txt,Neutral
47539959b2a14f07959d0677316ae87c_20230513t16_22_utc.txt,Neutral
4d1237f231144ff7ab3b0915ce55a261_20230513t15_48_utc.txt,Neutral
4dcdddfb6fc14bfcb0786b7dcc9b9393_20230513t13_55_utc.txt,Neutral
4ea887163da842b0ac05b3d2521a64c7_20230513t15_42_utc.txt,Neutral
546f8e2aa3f64e438134539c3191d81b_20230513t15_25_utc.txt,Neutral
5cd6165dde27473abf19d423564c00cf_20230513t14_00_utc.txt,Neutral
5db4b150a2a746f188fcd719951375cd_20230513t16_31_utc.txt,Neutral
5ed447924a6c411db789d982ced86f87_20230513t15_49_utc.txt,Neutral
606bc04de20f48698438972a3c5d73c5_20230513t13_50_utc.txt,Neutral
62348a5179a14b19ae53fc0831afa258_20230513t14_22_utc.txt,Neutral
62eb0ae83aab4888b037da7c8beba1cb_20230513t15_07_utc.txt,Negativo
67c4c52997874c1baf667d39294be888_20230513t15_01_utc.txt,Negativo
680cf6f010d744f59d52b6e8d2f0cb1e_20230513t14_24_utc.txt,Neutral
716391e8d1024a68b76e9c8beae2d630_20230513t15_02_utc.txt,Neutral
71a40f9b026e45379ba0704991f8e8dc_20230513t16_16_utc.txt,Neutral
72007eb657d741bd9961eab9eb262c07_20230513t16_02_utc.txt,Neutral
7c127994b8c6409c935baabfe0332228_20230513t15_45_utc.txt,Neutral
7c4537fcc02449c3bdee049bfd84d149_20230513t15_14_utc.txt,Neutral
7d1e9c1d3d094eebb4cdddee26941734_20230513t16_55_utc.txt,Neutral
7df47aa3d6a6471f9570efe419f06c56_20230513t14_38_utc.txt,Neutral
7e2800619ea5495d9bfe1e3cc534f152_20230513t14_50_utc.txt,Neutral
89c6976244224168ae51925898eeac00_20230513t14_02_utc.txt,Neutral
94ec97b5843545968ebc41349eaa75e1_20230513t14_19_utc.txt,Neutral
9c2ec049191046b1818d938a15ea0635_20230513t13_49_utc.txt,Neutral
9c3c50eeade341df8da30221a49f876c_20230513t14_35_utc.txt,Neutral
9c3f1b9bfe9e4c23b6618aa1b9f4d86a_20230513t16_20_utc.txt,Neutral
9d9ad8e2eec04d229b011b08caac2399_20230513t14_46_utc.txt,Neutral
a7b2c245f1ec43368e70d417e3ed25d1_20230513t13_47_utc.txt,Neutral
ae031a33d30840e9aab5fd43bf33b425_20230513t15_47_utc.txt,Neutral
b5aebd973c9e4460be36e17f510224c5_20230513t15_18_utc.txt,Neutral
b67a535a4d3247049df0d1c8c4a09af7_20230513t14_41_utc.txt,Neutral
b7a54eded9a24f8799e6294f474bed1b_20230513t16_01_utc.txt,Neutral
ba3102032f9d4b2d84c64ca97d0243c8_20230513t13_52_utc.txt,Neutral
bf657c872370453aa7577e731996bac5_20230513t15_55_utc.txt,Neutral
cae8a78e89bb43dead56b392e63980fe_20230513t14_51_utc.txt,Neutral
ce4b3f92a3874a4389f7b43579e929af_20230513t15_04_utc.txt,Neutral
d09d3944097d47c3a4a50ba96a2e30c5_20230513t16_58_utc.txt,Neutral
d1989662afb94e7db4a95db8ef92dc48_20230513t13_35_utc.txt,Neutral
d4e6e8127ba04aef99a10db847bf1147_20230513t15_45_utc.txt,Neutral
dd1c87d3da3e4f3dbcbca74eb8bf9bba_20230513t13_58_utc.txt,Neutral
e05cdde7ba4442868a8a663ba1634581_20230513t15_23_utc.txt,Neutral
e1b74cc111324138860cf1f1fbfbeb01_20230513t15_35_utc.txt,Neutral
ece40026e149425b8c37f0eb1f33deb4_20230513t15_41_utc.txt,Neutral
f46a8cad1ac64aebb7ba63abe6e1079d_20230513t15_10_utc.txt,Neutral
f5075ec3b695471887eb5bd617aa45ef_20230513t13_59_utc.txt,Negativo
f94e8c9f4fd34c27ba1e0d3af3c69d97_20230513t14_04_utc.txt,Neutral
fdf0a75b54cb44ab985516174b86dcc4_20230513t14_50_utc.txt,Neutral
009045a0a0384250a503eb34607c670c_20230520t15_58_utc.txt,Neutral
02647261da12429f9cfa9c4cc663c180_20230520t16_21_utc.txt,Neutral
08cc34dd337a4a718e377d9076946030_20230520t16_38_utc.txt,Neutral
0d42bfce123541bfb6825be893bc3daf_20230520t16_46_utc.txt,Positivo
116518b0a71d42a3baf4f2b033d470f5_20230520t14_33_utc.txt,Neutral
14ac803d465043b58d52b4f8f8221463_20230520t14_37_utc.txt,Neutral
196163b6dc4b42a997689c3b51ba04d3_20230520t14_23_utc.txt,Neutral
1f323c9aec1b48be846335ec9bb8cd95_20230520t14_44_utc.txt,Neutral
1f3a500f16e846d5af80ac8719349efe_20230520t16_35_utc.txt,Neutral
218faaf39a274cae91f8350e760cd256_20230520t15_50_utc.txt,Neutral
28a2f83dd4c849e3a87780d66daba141_20230520t14_24_utc.txt,Neutral
28e4611056224461917090034dfa735a_20230520t16_39_utc.txt,Negativo
2909f47cf7dd4e11997cc00f32dfa69d_20230520t16_54_utc.txt,Neutral
2b4c0b5ae3c24b72a2f2f6f051af932c_20230520t15_28_utc.txt,Neutral
2bdfdb05678946caa8830afdb2520c61_20230520t14_54_utc.txt,Neutral
320989183a624711b515c4f73b78ca9c_20230520t14_30_utc.txt,Neutral
34bdce3571ee491ab7fbcba5a4888b46_20230520t13_25_utc.txt,Neutral
353e9acf054d411c9a3c4a2ce197bae9_20230520t16_21_utc.txt,Neutral
3bea674a722541e7b5920cabc9fc4ea5_20230520t14_14_utc.txt,Neutral
3d4e250a65034a49bda5c8e32d76a92c_20230520t16_48_utc.txt,Negativo
41a3116797e04c41b6d8fd97821f9e4a_20230520t15_42_utc.txt,Neutral
4d0fddafbf7243f4828f2fa5478d57c7_20230520t14_53_utc.txt,Neutral
5557af493fad4404a7db26b48a4f2669_20230520t16_42_utc.txt,Neutral
5745019ebe6d43cf927439c2c420f543_20230520t16_38_utc.txt,Neutral
5b12d1cec48e43c3bae2001ac0df1ec6_20230520t16_34_utc.txt,Neutral
5bcb144e7f904876a8e2a50ab780ab24_20230520t14_57_utc.txt,Neutral
601fa041941b47b5a5b6799c9b4bb52c_20230520t15_20_utc.txt,Neutral
603597da801f4cf5b9e9d9a7e6344c12_20230520t16_36_utc.txt,Neutral
78bbdb79570f467e82c9423f0d2af116_20230520t15_18_utc.txt,Neutral
80b7d887017d40f1b547b35df3a8288d_20230520t14_27_utc.txt,Neutral
81657259ed994269952a0969bc168879_20230520t14_42_utc.txt,Negativo
82fbace9dadc4abd9d7dc3ec3f6f4991_20230520t15_24_utc.txt,Neutral
84286b4252f84873bea3fd670b42a67b_20230520t15_11_utc.txt,Neutral
85307c7aa40940c0b4a3e580a097e987_20230520t16_07_utc.txt,Neutral
8676f58f7b3746cc9ab15edf6f986e87_20230520t14_03_utc.txt,Neutral
874741a05edd4e59ba2a5962d77c5c0a_20230520t15_33_utc.txt,Neutral
889fb9e7e19a451d98cdbe4503145d3a_20230520t16_13_utc.txt,Neutral
8bd84b15a391441cb79f1e3da9fba381_20230520t14_29_utc.txt,Negativo
8c2b84f569fd4eefa57ddc7353cd5f4d_20230520t14_49_utc.txt,Neutral
8e43586f7306452faee129f7ae574bf3_20230520t14_05_utc.txt,Neutral
910be2ccd79448768700917f769ce28c_20230520t14_28_utc.txt,Neutral
94524d1036c346f1ba4632d8dba9c1a0_20230520t15_34_utc.txt,Neutral
981fad81113d4ee39d1900d0f58d176d_20230520t16_46_utc.txt,Neutral
985de04e417c4d6791cebb4d4f20d7a2_20230520t14_09_utc.txt,Negativo
98b6963822ee455b8e172421d0881ee3_20230520t16_45_utc.txt,Neutral
9d49804f1ab240519764ed9be3ed3dd9_20230520t13_55_utc.txt,Neutral
9dc3465f9c9b41c883a37328a913a912_20230520t15_58_utc.txt,Neutral
9e0129cb42cb42199eb5fa468f0a2140_20230520t14_47_utc.txt,Neutral
a465d7e7ba154aebb2230890e0b11665_20230520t15_55_utc.txt,Neutral
a7cb174e124a4b498a7643d24733066c_20230520t14_20_utc.txt,Neutral
a84a6476af2046ba89156b5d649248ff_20230520t15_01_utc.txt,Neutral
a90d4f657153494f92d27fee434d7993_20230520t16_35_utc.txt,Neutral
ad51905dc31749d6ad45f95d2e86ff3d_20230520t13_29_utc.txt,Neutral
b7fd03898ab6406ba5f427f21f174a4c_20230520t15_10_utc.txt,Neutral
b93c365143db424a8f48439ab7544abf_20230520t16_49_utc.txt,Neutral
bb6f98e63dd74fe58be16d664de19a6c_20230520t14_50_utc.txt,Neutral
bc99258507a847c18c46c5f2ff8bb9fb_20230520t15_19_utc.txt,Neutral
c19cec1d7905499bb3dfc587d1ee0f2c_20230520t14_12_utc.txt,Neutral
ca81417595ad4bf187dfb74afbdfa0b4_20230520t16_40_utc.txt,Negativo
dafe5e3b0c3342a7aaea2e46eb5974ff_20230520t15_41_utc.txt,Neutral
e572da420c0b44b58d4ea1c8896d5af7_20230520t15_24_utc.txt,Neutral
e9ff83fedd0a482ebe48487187c7e13f_20230520t15_50_utc.txt,Neutral
eb5647039c2b4e91af9e438a908ef4fc_20230520t16_04_utc.txt,Neutral
edd315cc7d0242eaa61020316561ad1a_20230520t14_46_utc.txt,Neutral
f16fa42ce3484c5196463f79bfe72e9e_20230520t15_04_utc.txt,Neutral
f63de629ca414538a5491f0fcfc2fb0a_20230520t14_54_utc.txt,Negativo
fca9d9cd4dbc4a65bcbca954c9141c82_20230520t13_46_utc.txt,Neutral
fe1672aee9a942f8906c28151a9e17b0_20230520t16_09_utc.txt,Neutral
0030e177fd394ca1ab11a54d45d504ec_20230603t13_48_utc.txt,Neutral
0232759ae2254b65967fd5692f2289bb_20230603t16_18_utc.txt,Neutral
0bff31eedee14eaf92e154b458eb9eea_20230603t14_47_utc.txt,Neutral
157cbbb1cc704a8a927369c8af1e553d_20230603t16_22_utc.txt,Neutral
19016e9bb6604da28f297afcae807e0c_20230603t14_27_utc.txt,Neutral
1e65294fb396467ab52edc67ded0a78c_20230603t16_43_utc.txt,Neutral
23067596852641e2aac8c28e87963f9e_20230603t16_24_utc.txt,Neutral
2554ef94fd634f5380f13b1da70a4a5c_20230603t15_29_utc.txt,Neutral
27e1e0c64e7f455ea5454cd45cb37578_20230603t15_17_utc.txt,Neutral
3235182a8a634107ae5e6286910234c1_20230603t15_27_utc.txt,Neutral
33bc57d9ee91442986e600e1fa3462c4_20230603t16_51_utc.txt,Neutral
384a9e3883d14d618d600aa2b582db70_20230603t15_33_utc.txt,Neutral
3b00844f5a194bd781f8d3c336512fdb_20230603t15_45_utc.txt,Neutral
421c076a2162455b8846667a238f2380_20230603t13_37_utc.txt,Neutral
45de056a1fe142229786deee12dd410a_20230603t15_24_utc.txt,Neutral
47ae6f698eec4ac09b04fda2cee9a84d_20230603t16_55_utc.txt,Neutral
47f93aa85f7143798e0b8b2082986edd_20230603t15_59_utc.txt,Neutral
49ea1e072f7b4ea09737f1263d29e300_20230603t16_38_utc.txt,Neutral
4a7e7dce1e1a4ef986de022834da0890_20230603t16_22_utc.txt,Neutral
4e04806259ce4679ab3b057c1507b9f8_20230603t15_29_utc.txt,Neutral
52b9e772098b4da194467b56ebbc60df_20230603t14_12_utc.txt,Neutral
54d5ffa7c5704c7d9673c01c4eec60c6_20230603t13_41_utc.txt,Neutral
62966d4f44e24f34a4a837905c429b36_20230603t14_36_utc.txt,Neutral
642edfeb8a314fd28bc6d888ab314a9a_20230603t15_34_utc.txt,Neutral
6662d8205b90458c89660cba5a3b45a5_20230603t15_38_utc.txt,Neutral
66b31a209b334ccdaf797da328c1cda3_20230603t16_02_utc.txt,Neutral
68165b26a21c4684972ed52b95781b6a_20230603t14_29_utc.txt,Neutral
697bf7da22d2466e8a1c8e3b3902773f_20230603t15_48_utc.txt,Negativo
6fd33ccfe55c42f49f9151e69c46ccfe_20230603t15_34_utc.txt,Neutral
80d32ca2841746f8bb2a70d9f6ecc384_20230603t16_04_utc.txt,Neutral
84b62d0ec3ed4b07821134806d42d49c_20230603t13_56_utc.txt,Neutral
8524c81bba374acca3b5d1303fab469d_20230603t15_45_utc.txt,Neutral
884076326a0041078e1f7433727d1292_20230603t16_29_utc.txt,Neutral
8937cfecbdab454dbaa3174d29c5a510_20230603t16_53_utc.txt,Neutral
8bc7b6d6df6a41c0ae5d17e3ea7ff538_20230603t16_43_utc.txt,Neutral
8cfc0ae1b03f43f085a92aea543eafc0_20230603t16_31_utc.txt,Neutral
8ee859a86038429c80503b5299a48964_20230603t16_44_utc.txt,Neutral
9056361ee5d04f4dac854a699978e1b3_20230603t14_27_utc.txt,Neutral
9324d49151524cf3a5fb99e9aad6f069_20230603t14_49_utc.txt,Neutral
9795bc437cda4049a0b06f3b1ca4caff_20230603t15_29_utc.txt,Neutral
9ea3de2c666246a5bdbea4f48299ef89_20230603t16_34_utc.txt,Neutral
a8a2f8cd78f145a9a57e5e25dea5f56a_20230603t14_21_utc.txt,Neutral
a8aa7718dc4f4e3297b4aa12514425b9_20230603t15_09_utc.txt,Neutral
aba6a590609844ecb6a8c105e2a6d040_20230603t14_32_utc.txt,Negativo
adeae93e5de94bf38475f2be1e33b246_20230603t15_17_utc.txt,Neutral
adecfa2a9f3d4fac8224e3e70557a4c9_20230603t14_03_utc.txt,Neutral
b34756c4246a4b40bdcd7998ee4942d1_20230603t16_09_utc.txt,Neutral
b8a8797ffd9d4ae7b90c6774678e48c9_20230603t14_05_utc.txt,Negativo
bc0e1c0b4e194b138c38c17813f495aa_20230603t14_34_utc.txt,Neutral
bd08a1f11e5847de9cf83d8a76b382d5_20230603t15_51_utc.txt,Neutral
c46c4466bca24173adb5c473b38fcf34_20230603t14_05_utc.txt,Neutral
c5857a4bd1ca4c189119d66de0193106_20230603t16_15_utc.txt,Neutral
c6014cba959d43258124b12de2397096_20230603t16_39_utc.txt,Neutral
c62380ce6e024728a0836e24459f0c1d_20230603t16_09_utc.txt,Neutral
c740fd6ebfb8477584b2fac186cc6096_20230603t16_27_utc.txt,Neutral
cea4655f25bd4999aa9c13ea4dd42084_20230603t14_13_utc.txt,Neutral
d0318e67a523488dac8f978525acaed1_20230603t13_18_utc.txt,Neutral
d1941715e82142c8a6e3997b15a121b6_20230603t15_52_utc.txt,Neutral
d3ca53f1b9314eca8fc239b8df6b583a_20230603t14_56_utc.txt,Neutral
d84bc7abbb484692b1f22501205cb790_20230603t16_25_utc.txt,Neutral
e0bbb40ae54c4b27b2a9eb5a4581aab4_20230603t13_18_utc.txt,Neutral
e27591c2a9c848f287134e8b3b8a2376_20230603t15_30_utc.txt,Neutral
e2bceef83606433f8e340041afe802fd_20230603t14_40_utc.txt,Neutral
e3166252a4844812a71dc7e5127e1853_20230603t16_53_utc.txt,Neutral
ea1ee2c12f3e4c35ba061fbaaf0ae084_20230603t16_55_utc.txt,Negativo
f116526ee7014bae9f44b21e0a6cacf8_20230603t16_41_utc.txt,Neutral
f14e861272f44a5eb90e5318fa6acab1_20230603t14_52_utc.txt,Neutral
f25b557dc8cb447ba5e85ebe7d8215e8_20230603t16_52_utc.txt,Neutral
f9c77f5faeb04d3eb6c2c0f9d1f79e38_20230603t16_18_utc.txt,Neutral
fa4f25d0e8c945d28bc19f63cc236a15_20230603t16_03_utc.txt,Neutral
033864c87c5f4a4fab44a201563fd968_20230610t15_05_utc.txt,Neutral
0c027942655e4f1183614bb47a282aea_20230610t13_32_utc.txt,Neutral
18b2b93c2953487c97c8b73ce36135fb_20230610t15_48_utc.txt,Neutral
18eff36f759c4d73965c2a229beecfee_20230610t16_24_utc.txt,Neutral
1f948c343dac4d099d6cbb9a648403ff_20230610t16_57_utc.txt,Neutral
2423c4d401d1424ab3843e5ddda79e7a_20230610t16_50_utc.txt,Neutral
26746b7e69e140b3b3a11b973330ce96_20230610t14_35_utc.txt,Neutral
269d7a90316042169c14e767e8b4ec18_20230610t15_41_utc.txt,Neutral
29a70da7b6b4483d85fd483e814378b1_20230610t14_41_utc.txt,Neutral
2debb7328d994ecdb89a0a7afd03cb2e_20230610t16_57_utc.txt,Neutral
2ee89ca6b151452d80fafc0031248b5c_20230610t15_18_utc.txt,Neutral
3030567b3ee042bb8a838d1c76b6b916_20230610t14_01_utc.txt,Neutral
34958b78223b449782e44c3afd0d0fd7_20230610t14_27_utc.txt,Neutral
3790e2a16369420295cd1456849101ac_20230610t16_51_utc.txt,Neutral
3e389aa8839748e78e57f6eb8ce0812a_20230610t13_55_utc.txt,Neutral
3fde7eca0a2f4b188a3fd81fce9a9d09_20230610t14_48_utc.txt,Neutral
42df394a0d744909b694f4139d4b8c09_20230610t15_37_utc.txt,Neutral
45adf080f3e24793900699ada4592d63_20230610t15_47_utc.txt,Neutral
463aea85483f442fa152796bbe6412f0_20230610t13_52_utc.txt,Neutral
5d6b0bcd9801457bb62733de21e565f2_20230610t15_44_utc.txt,Neutral
5fab44f212e3402d99638a5dc9d97701_20230610t14_26_utc.txt,Neutral
60e1b8f07eb844c8b7014251b86ecea1_20230610t13_35_utc.txt,Negativo
640807edf3f74283a7295a888a93aaf7_20230610t16_54_utc.txt,Neutral
6eb352d2758049f09c9619ac9df008e5_20230610t14_29_utc.txt,Neutral
6eb42d94dfb3406faf290fe85feffbfe_20230610t16_55_utc.txt,Neutral
7561a59a1cc24d3f9dcb726bda6b777e_20230610t14_18_utc.txt,Neutral
7f77a99fac1b4dabbcce2f408995b9bf_20230610t13_04_utc.txt,Neutral
822671d3fd8d4b468ca3fe67162b0e18_20230610t15_03_utc.txt,Neutral
8273dce465a54e99a47d92da2d1af7ad_20230610t14_54_utc.txt,Neutral
934de5177dd94afd8f8a198b2226c2e5_20230610t15_00_utc.txt,Neutral
975df3115269486098f522a3eb856dfd_20230610t15_05_utc.txt,Neutral
9adc604104c341d9adc92db9665fb992_20230610t15_10_utc.txt,Neutral
a7b3a1c2f26c464d97dbec49d46b75f1_20230610t14_25_utc.txt,Neutral
a8de54e7217b43bf9222236fe3a35143_20230610t15_59_utc.txt,Neutral
ad0946be1ed543acbf3ca01df5fc6b25_20230610t14_38_utc.txt,Neutral
b3067024c98b48888d1b93992535ae9a_20230610t14_15_utc.txt,Neutral
bab93478e7374a7da7ca383c9090a498_20230610t16_15_utc.txt,Neutral
c7e11bdfad064aae944c4ce1a11dc2d7_20230610t14_02_utc.txt,Neutral
ca04630280544cbf8b9bee6854a2f681_20230610t14_13_utc.txt,Neutral
d32ed68f007043a4a4eb582c82015c33_20230610t14_59_utc.txt,Neutral
d554a73b18c84f35866c98565d703d21_20230610t16_41_utc.txt,Negativo
d8363b1bbb1f46579cb66073a1423ad3_20230610t15_06_utc.txt,Neutral
de226de0f8c94183b0fc1b26c2a7a637_20230610t16_49_utc.txt,Neutral
e0913f30a77847f89585f9219bb14dd5_20230610t16_29_utc.txt,Neutral
e091c45596054f6ea5fac6b7388e115c_20230610t15_13_utc.txt,Neutral
e56abe4fb3ae4c0cbc1b1cdfc8d80cb3_20230610t15_15_utc.txt,Neutral
ed011e99f19e4257b0cc08f003decd8c_20230610t16_21_utc.txt,Neutral
eda880c7ca6f4e40835aa372d01627c0_20230610t14_59_utc.txt,Neutral
f189dbfe6981414087b0500db982a3e7_20230610t13_45_utc.txt,Positivo
f1e80f376a024fac8912df9b9df04df0_20230610t13_44_utc.txt,Neutral
f332b3326cb34bddb0989e865a5831e4_20230610t14_13_utc.txt,Neutral
0205419aeb274bdf9dfa35b3a333d5c8_20230810t21_38_utc.txt,Neutral
02ec1a7c75c34e83b740deeeca00cf36_20230810t17_19_utc.txt,Neutral
0381c0a00af441e88790287ebc22c823_20230810t21_27_utc.txt,Neutral
03ac6d8d2f9243f99515d3a024f69482_20230810t21_16_utc.txt,Neutral
05832f74b5914d92be52e6c842a0970d_20230810t21_29_utc.txt,Neutral
0872b63faef04a26b0b7ec415089d90d_20230810t16_10_utc.txt,Neutral
0aeca31730fd4f1fb7a708bb0af38bf1_20230810t16_20_utc.txt,Neutral
1079e1e7cdec42de9ce6257589498b15_20230810t18_18_utc.txt,Neutral
10cc10918d864c9aa0d2f9cde1266a0c_20230810t22_45_utc.txt,Neutral
11a084d5012c4bde922c8a425581830e_20230810t23_16_utc.txt,Neutral
14b3802969244e7a900db18049bc94e2_20230708t13_53_utc.txt,Neutral
15dd0c8508154dfeb0ad85aff635faa1_20230708t14_25_utc.txt,Neutral
1714db2060304bad9ebcc5d274e5b297_20230708t15_15_utc.txt,Neutral
19f36c12de0e44dfa82b7cc813883762_20230708t14_29_utc.txt,Neutral
1a7aeafe9f464feea3c0d1f03f986518_20230708t15_19_utc.txt,Neutral
1b2b4bfc5caa42d288350dea2c1f0545_20230810t15_58_utc.txt,Negativo
1b9ad03ae2cd47b5877cfbfed689a90b_20230708t16_15_utc.txt,Neutral
1c352cc6bc34407aa61f38dde6a9cac9_20230810t15_44_utc.txt,Negativo
1c5527f0572c4508aa073e9415aec0e5_20230708t14_53_utc.txt,Neutral
1e20066ea4e74314a3cd48ffb9a9cb81_20230708t14_36_utc.txt,Neutral
1e8519ee8504474187358d5571217d5d_20230708t16_40_utc.txt,Neutral
1fa896dd51674f52820bff5b678e02e3_20230708t16_21_utc.txt,Neutral
1fc07d2346e84f42ad3d00b5951b992f_20230810t16_45_utc.txt,Neutral
1ffca0ad19c3411ebfa46b9efde13be3_20230810t13_42_utc.txt,Neutral
2029f1c005754b19b2f1972d343bb98a_20230810t13_19_utc.txt,Neutral
2076cde9ddcf4a43bddcae84ba3c8a8f_20230708t16_43_utc.txt,Neutral
209ea962291a45fbb362152f48c50604_20230810t20_02_utc.txt,Neutral
20b36034af2d4be2b8d54ab58b59a618_20230810t20_30_utc.txt,Neutral
218bc0501ebb4c6eb61f6a695933b544_20230810t21_40_utc.txt,Neutral
21e1e3472f8f4f7c8fcf58d476138fee_20230810t14_55_utc.txt,Neutral
21f2bbfde4df4d10a278d08f340c76d2_20230810t14_48_utc.txt,Neutral
22600051c2b74a339f52cddb8e46426f_20230708t13_45_utc.txt,Neutral
24e160ad01f24050889688d8a202048d_20230708t16_04_utc.txt,Neutral
24f545e8fd7b4ae0a59504b129f18bbc_20230708t16_46_utc.txt,Neutral
25de1573d9de48e3a7b6b13a80e1daae_20230810t18_53_utc.txt,Neutral
2700952d2c4347df87c1c6d99edebf78_20230708t14_47_utc.txt,Neutral
2838d89fd88441a8a68fdb3f4b4a096f_20230810t13_31_utc.txt,Neutral
2a9fe8b8899a4b2abac1f2f67e09c290_20230810t19_50_utc.txt,Neutral
2efcd43ebc2c4e089e3f962461c6af75_20230810t19_35_utc.txt,Neutral
2ffd86aaf5624b6fa0737b841d614ece_20230810t14_48_utc.txt,Neutral
31a1cdefd9164a43b46cc1d2906fb313_20230810t20_57_utc.txt,Neutral
33d2f3d9edab4ddbbd70423d12c28946_20230708t13_49_utc.txt,Neutral
34cfb688997845bcb7ea33e1cf556c88_20230708t16_40_utc.txt,Neutral
360f57a6fc66429099be4959dfb8fd39_20230810t21_43_utc.txt,Neutral
369fde1698c940829f1c622da2306424_20230708t16_15_utc.txt,Neutral
39ff850d0a3e46bbb845feaed299e092_20230708t15_11_utc.txt,Positivo
3d13980ff35247d4af99b6a967f26016_20230708t13_34_utc.txt,Neutral
3d3438c74fb241f89ac07fdbeeda9577_20230810t19_32_utc.txt,Neutral
3d413190a23a4b87bc5dd22fc33aa7d1_20230708t16_17_utc.txt,Negativo
3f30e6bcae514a7fb71f6ea72e51b8d4_20230708t14_56_utc.txt,Neutral
3f9053990af84570861bde1fa8d18b06_20230708t14_37_utc.txt,Neutral
4034c2ae0b8e46dcba49a4ff2cfc56f6_20230810t16_16_utc.txt,Neutral
4102709c2e2d47928bb8320a9a607a5c_20230810t15_15_utc.txt,Negativo
41694dab9fc24056ad75cfd1811f76ed_20230708t15_31_utc.txt,Neutral
46254984286841d6b32f3278f43af216_20230810t15_56_utc.txt,Neutral
46469881711c40f5bbca73cd3139f423_20230810t22_26_utc.txt,Negativo
464812c25be94517952a7decf7d2d5dd_20230810t17_50_utc.txt,Neutral
46738debf1a9414dae4a740e76571654_20230810t18_30_utc.txt,Neutral
487f26670d3249a29dc0fee613cc66c0_20230810t17_02_utc.txt,Neutral
4d822aaf652d4db08be672e87e115d6a_20230708t15_40_utc.txt,Neutral
4dc84d8b7033494c9e51b2490f833546_20230810t19_55_utc.txt,Neutral
4df90bf5c2bd45828960fa6101fb2c93_20230810t21_10_utc.txt,Neutral
4fc4bac735b94b77969231d24ad7f6c8_20230708t14_29_utc.txt,Neutral
5631b58b58854a2694d504b88ed0d9aa_20230708t16_02_utc.txt,Neutral
56cdbb0cb6644c33927e4efdfb452ca5_20230708t16_09_utc.txt,Neutral
57a57afe67294300aa993fcca526115c_20230810t13_34_utc.txt,Neutral
5853c0d892ed42498170168d7ee7ea80_20230708t14_23_utc.txt,Neutral
5979d855cc804b70afc979c81b9414c2_20230810t17_36_utc.txt,Neutral
5e97f67f436a450fa1709f80f8429d93_20230708t14_56_utc.txt,Neutral
5fe991fbe9ad4c8694b9eb83952254ca_20230708t14_28_utc.txt,Neutral
60b7835678404eb4a41f0a90a6149984_20230708t14_19_utc.txt,Neutral
60b7885990594270b7250ca5a823ba97_20230810t20_05_utc.txt,Neutral
60effa0236d54297986d217516c9cc39_20230708t15_49_utc.txt,Neutral
644e9c8ea5a3463f9afbd62fd0ad1d64_20230810t14_39_utc.txt,Neutral
6781e1b84077410d93438413583accd5_20230708t13_37_utc.txt,Neutral
687a87161a2c418d9062ecbb3375b08c_20230708t16_32_utc.txt,Negativo
6884147b30de47d29aaf11466b4eb08a_20230708t14_06_utc.txt,Negativo
68accab4df9c4a6aa898fe83f3c84c1c_20230810t17_01_utc.txt,Neutral
68b89d3fdfe245f9b079353adba4fab0_20230810t13_19_utc.txt,Neutral
69929c3e786c4a78a12a6aeafa5c0056_20230810t22_22_utc.txt,Neutral
6b382811a8594cc083dc68f3708fb2f6_20230810t20_00_utc.txt,Neutral
6dfbd830ae104ad29598fef57f1b95ee_20230708t14_50_utc.txt,Neutral
6eea140a6c7f421aaa2a635f57ff8246_20230708t16_30_utc.txt,Neutral
6f3c4c87fcce4ec08cddae38cb770eb1_20230708t15_19_utc.txt,Neutral
709e54076a684db3b5561ec38a16edc4_20230810t20_18_utc.txt,Neutral
70e1d79b00664d66b6f436cdf0b32d08_20230810t21_26_utc.txt,Neutral
71d04706798f4ba194d3a866a5803108_20230708t13_07_utc.txt,Neutral
74379f5510c54fae93f8d33e46e54b06_20230810t16_55_utc.txt,Neutral
74e02b9816bb4c738721da584687d0c2_20230708t14_42_utc.txt,Neutral
761d0415867b4c7a87e0fea53df8d28a_20230810t14_50_utc.txt,Neutral
78ca69b0ce0e478a8a04cce6ec0214fd_20230810t17_14_utc.txt,Neutral
7994a7431db44a9b8105a1dfc7c031c0_20230708t13_42_utc.txt,Neutral
7a521523c4f2426c8ebd6e467aaf5e36_20230810t15_10_utc.txt,Neutral
7d09a89b58584c12990e66352d1ced33_20230708t14_29_utc.txt,Neutral
7d99a90178fd4ddc9798849f092e0faa_20230708t15_01_utc.txt,Neutral
7de55c8c177c42c3b4a56223c7b3d36c_20230810t19_50_utc.txt,Neutral
7e06fc3caade4136ace6769ea24b2487_20230810t17_52_utc.txt,Neutral
7e0872baef734a4887dced19b88bd87b_20230708t14_57_utc.txt,Neutral
7f76cc778ee947a99730820cb57de343_20230810t15_41_utc.txt,Neutral
8162f01a55414806aa741fa6d2a0dfda_20230810t15_21_utc.txt,Neutral
8171ec3baafe43b9ada7192bab6e1cb2_20230708t13_55_utc.txt,Neutral
8952e26a1f244d5f9f00c39193a8209d_20230708t16_38_utc.txt,Neutral
89904e6de8be48a1ba7be5751aab112a_20230708t14_39_utc.txt,Neutral
8af525240c2b45058ad9d63ab59429b1_20230810t19_28_utc.txt,Neutral
8b8eb76a37b644bb85e1d637d8cd8b07_20230708t16_28_utc.txt,Neutral
8c76b123ea774fb3b583e6d9574d9429_20230708t13_40_utc.txt,Neutral
8e0e1cba46f14e6c9ea9d8980cc73dc1_20230708t16_13_utc.txt,Neutral
8fe63b15a42349b3a84b86db81489acf_20230708t14_27_utc.txt,Neutral
902c0098dacc4ee2aad515975223c85d_20230708t14_03_utc.txt,Neutral
91d9cc63f106478b8035231a40cb0516_20230708t14_15_utc.txt,Neutral
92f17432550c4791ab383b554d6ba23e_20230810t20_15_utc.txt,Negativo
9361533d057b4a4c9cdb6b8a60a66419_20230708t16_07_utc.txt,Neutral
961650b3249442f6b9857230d8a0cf8a_20230810t20_53_utc.txt,Neutral
97e3782f63174d6494ddb39a7e5dd96a_20230810t16_47_utc.txt,Neutral
986b6e8707ba4adfab1445799cf8942e_20230708t16_25_utc.txt,Neutral
9952750b305d4608b81a9fa1ce0c10fa_20230810t14_16_utc.txt,Neutral
9a6be2857e134484a2aa15164e38c0ce_20230810t14_21_utc.txt,Neutral
9d7a14a4d8b24a0488caa07c24ade147_20230708t16_07_utc.txt,Neutral
9dc4c8b678ca4069ada87305ab947dc7_20230810t15_05_utc.txt,Neutral
9f8937bba541444c986772020e461475_20230810t18_15_utc.txt,Neutral
9f9d6d57709a47a18bb62f86c7d4f775_20230708t15_51_utc.txt,Neutral
a02f956e79774c1998e7537bf6b019b9_20230708t15_12_utc.txt,Neutral
a12934ec203a4e7b980a0d06816f2588_20230708t16_07_utc.txt,Neutral
a247bd1a122b41fe9a4a20d4fb0bda2a_20230810t15_45_utc.txt,Neutral
a30333226c4a45fcbb330da614f0d1ed_20230708t13_44_utc.txt,Neutral
a3da9f4c9f34462fb5fdcca0b4158305_20230708t14_55_utc.txt,Neutral
a5894ab56ec94bba8eb5150eaaea75b6_20230810t20_04_utc.txt,Neutral
a59b25a9a678498e91be3ab225c0713c_20230708t14_14_utc.txt,Neutral
a5a3f29d986e4f28a4ddb4d7b44f6e17_20230810t22_38_utc.txt,Neutral
a746c23d91d34b79b74a9a00bf35c898_20230708t14_46_utc.txt,Neutral
ab3099a77d6c4b359e339bec95a8ba84_20230810t16_19_utc.txt,Negativo
ad4aff2712b6441d8864d31fc52538c3_20230708t15_45_utc.txt,Neutral
adf72807a76c4bb181f19295b7dbc0af_20230708t14_26_utc.txt,Neutral
b567e3aedd524f85a12ca72f54d5f124_20230708t14_55_utc.txt,Neutral
b661e7386c2145fbafeb7ec9bb2bfedf_20230708t16_15_utc.txt,Neutral
b7d4e267bbca458ba83959fcd1081a79_20230708t14_05_utc.txt,Neutral
b81e583c438f49a8bcdd886f57956667_20230708t15_07_utc.txt,Neutral
b8bf7ff0a32b43aea548f223c7e8c6cf_20230810t20_34_utc.txt,Positivo
ba967e5e2c7f4ba39f375821feec3b07_20230810t17_46_utc.txt,Negativo
baf2090b978e4084b5d4e4a2a5dd70b8_20230810t17_05_utc.txt,Neutral
bbba557748214aefa60fcfc774061002_20230810t13_51_utc.txt,Neutral
bde430f33ac24c56982c75484e1ef430_20230810t18_03_utc.txt,Neutral
beb87de1a60f475a85ce58d45601ac39_20230810t16_15_utc.txt,Neutral
bf45559df75f4cc4b2ff24cd4e83173c_20230810t14_09_utc.txt,Neutral
c173812b0ebe4e09962e872b88ebf230_20230810t21_16_utc.txt,Neutral
c3b33fbf9e304df2a2bd65227d752842_20230810t20_14_utc.txt,Neutral
c5512a289c7e472e9c5de55342de4c1f_20230810t21_35_utc.txt,Neutral
c5e8ec71f027459cba5512e7c3195877_20230708t14_03_utc.txt,Neutral
c5f50ee00c4845ac8ad026074af3d8f2_20230708t15_57_utc.txt,Neutral
c65168bb7c1041329bf933da5666f025_20230708t14_42_utc.txt,Neutral
c7d37e4a2c6e4ffea0b6bf43f549ad0f_20230810t13_22_utc.txt,Neutral
c8a3c30957504266a3bae3ef4d44c002_20230708t16_21_utc.txt,Neutral
c91f728c6c5d4a09ad446cf803f4002e_20230810t13_50_utc.txt,Neutral
ca5bcbb6271649088a8c9774c7e8a015_20230708t16_03_utc.txt,Neutral
cc475e1a10f14d64950353a04bb66c67_20230810t18_46_utc.txt,Neutral
cf9fde1c48574241b3ecdf3429bf1ce9_20230810t13_35_utc.txt,Positivo
d14a1dc0fcf84756830ae5cfe8815055_20230708t16_24_utc.txt,Neutral
d22befc272de494e94e06cd6f175ca32_20230810t15_05_utc.txt,Neutral
d263c395121b4d6f9fabf048b14bb4c7_20230810t18_19_utc.txt,Negativo
d459ddd710ec4a4bb4595ef6abb3f715_20230810t20_30_utc.txt,Neutral
d694ec768cdb42e8a8ff9554a24b8288_20230810t14_39_utc.txt,Negativo
d6ac873bb44649f79ffa6a87e7f5f0ab_20230708t14_04_utc.txt,Neutral
d72a1c984bea4935b0dcaf4c10fa7fbd_20230810t19_12_utc.txt,Neutral
d87d1992da804e6eb4c247dbd411b921_20230810t17_53_utc.txt,Neutral
d9763106e61a4af482ea7e2fdfc4e26d_20230708t16_20_utc.txt,Neutral
dbc7cbed270047c38b7c988b8038eabc_20230810t22_20_utc.txt,Neutral
e01dcfa236d3476e9f289949de14966d_20230708t13_11_utc.txt,Negativo
e0a49aae3d284c24a583ea3d84b58342_20230810t23_24_utc.txt,Neutral
e14868b026ae483b87e34058c04481bb_20230708t16_49_utc.txt,Neutral
e2c0b92508734945b576454ebecccbbb_20230810t20_06_utc.txt,Neutral
e3e2caba74604aa88ef8942b9ce73c40_20230708t15_50_utc.txt,Neutral
e6cbc12dc20f4eae81db8945bd399968_20230708t16_31_utc.txt,Neutral
e9318cc6236b471ea3deb3bff752e62e_20230810t15_48_utc.txt,Neutral
e9ff380b10bf430f9c6c24ff7277ea2b_20230810t15_45_utc.txt,Neutral
ea838228b8fd4bd49930d7210cca7187_20230708t15_06_utc.txt,Neutral
ed9c163b5e9e4197970dd5de7413f413_20230708t16_23_utc.txt,Neutral
f19a391518c34852b04cd1f0f61810f6_20230708t15_16_utc.txt,Neutral
f1d92c8046a547debf2e6862d92e7194_20230810t20_21_utc.txt,Neutral
f21ac66a5a054b4da2c2f08c464d5204_20230708t15_45_utc.txt,Neutral
f2413c74320445f9bc224e8e0be8e29e_20230810t23_05_utc.txt,Neutral
f446710fa4ce4815be9cfcde511289cc_20230708t14_26_utc.txt,Neutral
f4e346d6967441f38394c75fdb892f35_20230810t13_57_utc.txt,Neutral
f702e25a60df40d290bee4fd4c51ae9d_20230810t20_02_utc.txt,Neutral
f73f834f7ce54ca9b4177c2e557b09dd_20230810t20_57_utc.txt,Neutral
f7c666816bba4300956a7cb7361f016c_20230708t14_48_utc.txt,Neutral
f8ac1e730c1b40168dd80fb67cd1d0e4_20230810t16_25_utc.txt,Neutral
f8b160dc544b4af38440d64277cb346c_20230708t14_02_utc.txt,Neutral
f8f82f588fce4648ba92d9bd20916228_20230810t21_50_utc.txt,Neutral
f9bf7732cd3d494f9943ee9b62433ea1_20230708t16_18_utc.txt,Neutral
f9e9772569914bf18c30cfe529537ea9_20230708t13_52_utc.txt,Neutral
fa0db3124fcf400abf22c7abcae534cd_20230810t13_37_utc.txt,Neutral
fb3e0a07cea14b66b444ed5e3bb09b50_20230810t18_41_utc.txt,Neutral
fb4edecfe32041978ec0b27be3af2451_20230708t16_07_utc.txt,Neutral
feef0cbf3d9b4dab8fbdf63bc5eebe48_20230708t15_41_utc.txt,Neutral
ff2aaea6fbf44687aee353963e07365e_20230810t15_50_utc.txt,Neutral
